884,Olivie,Corris,ocorrisoj@bizjournals.com,Agender,772-941-0693,United States,20-10-1998
779,Francklyn,Huttley,fhuttleylm@artisteer.com,Male,570-232-1012,United States,25-06-2004
778,Joby,Bagniuk,jbagniukll@unc.edu,Female,831-593-4853,United States,14-07-2002
719,Shaylah,Trammel,strammeljy@chron.com,Female,502-383-3657,United States,11-07-1992
549,Maurie,Ciccetti,mciccettif8@washington.edu,Male,901-826-5444,United States,13-10-2004
508,Lisle,Olliar,lolliare3@disqus.com,Male,573-613-4047,United States,22-12-2013
452,Florinda,Denacamp,fdenacampcj@hibu.com,Female,913-664-5808,United States,20-01-2010
415,Thaxter,Sisnett,tsisnettbi@hp.com,Male,775-840-7859,United States,01-12-2016
389,Linc,Godridge,lgodridgeas@hc360.com,Male,406-962-4087,United States,18-10-2009
352,Rafaello,Rouchy,rrouchy9r@hhs.gov,Bigender,325-868-4484,United States,27-02-1995
859,Lianne,Scampion,lscampionnu@oaic.gov.au,Female,757-620-9267,United States,02-12-2001
283,Torrence,Guillard,tguillard7u@acquirethisname.com,Male,865-411-1598,United States,31-10-2009
252,Bertram,Albrooke,balbrooke6z@printfriendly.com,Male,240-660-9166,United States,08-02-2004
251,Cly,Durnan,cdurnan6y@imgur.com,Male,214-743-7019,United States,29-06-1999
188,Enriqueta,Costi,ecosti57@timesonline.co.uk,Female,616-217-3402,United States,10-04-1996
153,Zita,Duiguid,zduiguid48@yahoo.co.jp,Female,408-208-1473,United States,16-10-2003
82,Ewan,Crosland,ecrosland29@cloudflare.com,Male,562-453-2275,United States,19-09-2021
2,Jolyn,Bragg,jbragg1@go.com,Genderqueer,614-319-7266,United States,18-09-2003
307,Otes,Hammonds,ohammonds8i@networkadvertising.org,Male,318-309-4799,United States,21-03-2011
799,Celia,Matchett,cmatchettm6@usda.gov,Female,402-498-3239,United States,20-06-1999
723,Adore,Spratt,asprattk2@time.com,Female,915-400-2965,United States,07-10-1991
661,Rochelle,Creeboe,rcreeboeic@paypal.com,Genderfluid,432-697-6300,United States,10-06-1992
533,Mohandas,Collis,mcollises@pbs.org,Male,513-929-5651,United States,05-12-2007
98,Durand,Perell,dperell2p@unc.edu,Male,970-528-2511,United States,14-11-1997
38,Demetris,Golby,dgolby11@privacy.gov.au,Female,323-136-0870,United States,13-12-1991
